{
    "Camera": {
        "Position": {
            "x": 27.82518196105957,
            "y": 23.3094482421875,
            "z": 47.41225051879883
        },
        "Rotation": {
            "Pitch": -22.280237197875977,
            "Yaw": -115.09889221191406
        }
    },
    "Lights": [
        {
            "Color": {
                "a": 1.0,
                "b": 0.9940000176429749,
                "g": 0.9940000176429749,
                "r": 0.9940000176429749
            },
            "Position": {
                "x": 0.8713428974151611,
                "y": 5.2698822021484375,
                "z": 15.60617446899414
            },
            "Rotation": {
                "x": 0.0,
                "y": -0.0,
                "z": 0.0
            },
            "Scale": {
                "x": 1.0,
                "y": 1.0,
                "z": 1.0
            },
            "Type": 0
        },
        {
            "Color": {
                "a": 1.0,
                "b": 0.5128806829452515,
                "g": 0.6722222566604614,
                "r": 0.07469135522842407
            },
            "Position": {
                "x": -20.96079444885254,
                "y": 6.241182327270508,
                "z": -7.358987808227539
            },
            "Rotation": {
                "x": 0.0,
                "y": -0.0,
                "z": 0.0
            },
            "Scale": {
                "x": 1.0,
                "y": 1.0,
                "z": 1.0
            },
            "Type": 0
        },
        {
            "Color": {
                "a": 1.0,
                "b": 0.5611110925674438,
                "g": 0.15274690091609955,
                "r": 0.4794381558895111
            },
            "Position": {
                "x": 25.846643447875977,
                "y": 11.87118148803711,
                "z": 20.312820434570313
            },
            "Rotation": {
                "x": 0.0,
                "y": -0.0,
                "z": 0.0
            },
            "Scale": {
                "x": 1.0,
                "y": 1.0,
                "z": 1.0
            },
            "Type": 2
        },
        {
            "Color": {
                "a": 1.0,
                "b": 0.11429010331630707,
                "g": 0.5303723812103271,
                "r": 0.894444465637207
            },
            "Position": {
                "x": 27.66033363342285,
                "y": 6.039296627044678,
                "z": -14.298134803771973
            },
            "Rotation": {
                "x": 0.0,
                "y": -0.0,
                "z": 0.0
            },
            "Scale": {
                "x": 1.0,
                "y": 1.0,
                "z": 1.0
            },
            "Type": 0
        }
    ],
    "Models": [
        {
            "Path": "res/map/objHouse.obj",
            "Position": {
                "x": 0.0,
                "y": 0.0,
                "z": 0.0
            },
            "Rotation": {
                "x": 0.0,
                "y": 0.0,
                "z": 0.0
            },
            "Scale": {
                "x": 1.0,
                "y": 1.0,
                "z": 1.0
            },
            "Type": "STATIC"
        },
        {
            "Path": "res/backpack/backpack.obj",
            "Position": {
                "x": 0.0,
                "y": 2.0,
                "z": 5.0
            },
            "Rotation": {
                "x": 0.0,
                "y": 0.0,
                "z": 0.0
            },
            "Scale": {
                "x": 1.0,
                "y": 1.0,
                "z": 1.0
            },
            "Type": "STATIC"
        },
        {
            "Path": "res/lowpoly/MaleSurvivor1.glb",
            "Position": {
                "x": 0.0,
                "y": 0.0,
                "z": 2.0
            },
            "Rotation": {
                "x": 0.0,
                "y": 0.0,
                "z": 0.0
            },
            "Scale": {
                "x": 1.0,
                "y": 1.0,
                "z": 1.0
            },
            "Type": "ANIMATED"
        }
    ]
}