{
    "Camera": {
        "Position": {
            "x": 31.284757614135742,
            "y": 20.36688232421875,
            "z": 26.59230613708496
        },
        "Rotation": {
            "Pitch": -19.780195236206055,
            "Yaw": -141.89993286132813
        }
    },
    "Lights": [
        {
            "Color": {
                "a": 1.0,
                "b": 0.07000002264976501,
                "g": 0.8999999761581421,
                "r": 0.07000002264976501
            },
            "Position": {
                "x": 7.0,
                "y": 5.0,
                "z": -15.0
            },
            "Rotation": {
                "x": 0.0,
                "y": 0.0,
                "z": 0.0
            },
            "Scale": {
                "x": 1.0,
                "y": 1.0,
                "z": 1.0
            }
        },
        {
            "Color": {
                "a": 1.0,
                "b": 1.0,
                "g": 0.005555570125579834,
                "r": 0.9999995231628418
            },
            "Position": {
                "x": -20.0,
                "y": 5.0,
                "z": 0.0
            },
            "Rotation": {
                "x": 0.0,
                "y": 0.0,
                "z": 0.0
            },
            "Scale": {
                "x": 1.0,
                "y": 1.0,
                "z": 1.0
            }
        },
        {
            "Color": {
                "a": 1.0,
                "b": 0.005555570125579834,
                "g": 0.7679629921913147,
                "r": 1.0
            },
            "Position": {
                "x": 10.0,
                "y": 5.0,
                "z": 17.0
            },
            "Rotation": {
                "x": 0.0,
                "y": 0.0,
                "z": 0.0
            },
            "Scale": {
                "x": 1.0,
                "y": 1.0,
                "z": 1.0
            }
        },
        {
            "Color": {
                "a": 1.0,
                "b": 0.9940000176429749,
                "g": 0.9940000176429749,
                "r": 0.9940000176429749
            },
            "Position": {
                "x": -4.243912696838379,
                "y": 5.899335861206055,
                "z": 17.438642501831055
            },
            "Rotation": {
                "x": 0.0,
                "y": -0.0,
                "z": 0.0
            },
            "Scale": {
                "x": 1.0,
                "y": 1.0,
                "z": 1.0
            }
        }
    ],
    "Models": [
        {
            "Path": "res/map/objHouse.obj",
            "Position": {
                "x": 0.0,
                "y": 0.0,
                "z": 0.0
            },
            "Rotation": {
                "x": 0.0,
                "y": 0.0,
                "z": 0.0
            },
            "Scale": {
                "x": 1.0,
                "y": 1.0,
                "z": 1.0
            },
            "Type": "STATIC"
        },
        {
            "Path": "res/backpack/backpack.obj",
            "Position": {
                "x": 0.0,
                "y": 2.0,
                "z": 5.0
            },
            "Rotation": {
                "x": 0.0,
                "y": 0.0,
                "z": 0.0
            },
            "Scale": {
                "x": 1.0,
                "y": 1.0,
                "z": 1.0
            },
            "Type": "STATIC"
        },
        {
            "Path": "res/lowpoly/MaleSurvivor1.glb",
            "Position": {
                "x": 0.0,
                "y": 0.0,
                "z": 2.0
            },
            "Rotation": {
                "x": 0.0,
                "y": 0.0,
                "z": 0.0
            },
            "Scale": {
                "x": 1.0,
                "y": 1.0,
                "z": 1.0
            },
            "Type": "ANIMATED"
        }
    ]
}