{
    "Position": {
        "x": 14.050302505493164,
        "y": 32.85007095336914,
        "z": 29.118385314941406
    },
    "Rotation": {
        "Pitch": -33.28002166748047,
        "Yaw": -97.79999542236328
    }
}