{
    "Camera": {
        "Position": {
            "x": 2.6078877449035645,
            "y": 26.89731788635254,
            "z": 41.5140380859375
        },
        "Rotation": {
            "Pitch": -31.580015182495117,
            "Yaw": -89.10030364990234
        }
    },
    "Lights": [
        {
            "Color": {
                "a": 1.0,
                "b": 0.07000002264976501,
                "g": 0.8999999761581421,
                "r": 0.07000002264976501
            },
            "Position": {
                "x": 7.0,
                "y": 5.0,
                "z": -15.0
            },
            "Rotation": 0.0,
            "Scale": {
                "x": 1.0,
                "y": 1.0,
                "z": 1.0
            }
        },
        {
            "Color": {
                "a": 1.0,
                "b": 1.0,
                "g": 0.005555570125579834,
                "r": 0.9999995231628418
            },
            "Position": {
                "x": -20.0,
                "y": 5.0,
                "z": 0.0
            },
            "Rotation": 0.0,
            "Scale": {
                "x": 1.0,
                "y": 1.0,
                "z": 1.0
            }
        },
        {
            "Color": {
                "a": 1.0,
                "b": 0.005555570125579834,
                "g": 0.7679629921913147,
                "r": 1.0
            },
            "Position": {
                "x": 10.0,
                "y": 5.0,
                "z": 17.0
            },
            "Rotation": 0.0,
            "Scale": {
                "x": 1.0,
                "y": 1.0,
                "z": 1.0
            }
        }
    ]
}