{
    "Position": {
        "x": -18.473264694213867,
        "y": 38.45021438598633,
        "z": 27.27708625793457
    },
    "Rotation": {
        "Pitch": -37.68000030517578,
        "Yaw": -90.0
    }
}